# iteration,Time[s]
0,611.4126348495483
1,715.5283584594727
2,763.0441083908081
3,727.3158547878265
4,683.6984112262726
