# iteration,Time[s]
0,273.3432972431183
1,257.4040048122406
2,274.91549158096313
3,266.4107713699341
