# iteration,Time[s]
0,386.60651683807373
1,384.7920334339142
2,393.18665075302124
3,373.31546449661255
4,387.9751923084259
