# iteration,Time[s]
0,394.23513746261597
1,404.52165722846985
2,388.9985337257385
3,406.169802904129
